ds,yhat_lower,yhat_upper,trend,additive_terms,holidays,weekly_not_summer_winter,yearly,寒假,暑假,期末周,节假日,multiplicative_terms_upper,yhat,,,,,Yearly+baseline
2023-5-20,119.1812684,151.6276489,115.4347437,20.42707816,0,1.187226357,19.2398518,0,0,0,0,0,0,0,135.8618218,,,134.6745955
2023-5-21,124.6087209,156.2781124,115.4405778,25.21648166,0,5.676758283,19.53972338,0,0,0,0,0,0,0,140.6570594,,,134.9803012
2023-5-22,114.3950608,148.5214366,115.4464119,15.60183255,0,-4.212655791,19.81448834,0,0,0,0,0,0,0,131.0482445,,,135.2609002
2023-5-23,117.4894137,150.7373507,115.4522461,19.07716115,0,-0.99441043,20.07157158,0,0,0,0,0,0,0,134.5294072,,,135.5238177
2023-5-24,118.2016759,149.8056351,115.4580802,19.11995456,0,-1.199303542,20.31925811,0,0,0,0,0,0,0,134.5780347,,,135.7773383
2023-5-25,115.9169759,148.4443056,115.4639143,17.91479745,0,-2.651455054,20.56625251,0,0,0,0,0,0,0,133.3787118,,,136.0301668
2023-5-26,122.3081316,154.3447681,115.4697484,23.01505701,0,2.193840177,20.82121683,0,0,0,0,0,0,0,138.4848055,,,136.2909652
2023-5-27,121.1162883,154.7599531,115.4755826,22.27952956,0,1.187226357,21.0923032,0,0,0,0,0,0,0,137.7551121,,,136.5678858
2023-5-28,124.7587828,158.9679447,115.4814167,27.06345571,0,5.676758283,21.38669743,0,0,0,0,0,0,0,142.5448724,,,136.8681141
2023-5-29,116.6568939,147.9942196,115.4872508,17.497534,0,-4.212655791,21.71018979,0,0,0,0,0,0,0,132.9847848,,,137.1974406
2023-5-30,120.1491077,152.4959929,115.493085,21.07237773,0,-0.99441043,22.06678816,0,0,0,0,0,0,0,136.5654627,,,137.5598732
2023-5-31,121.306461,153.4859365,115.4989191,21.25908381,0,-1.199303542,22.45838736,0,0,0,0,0,0,0,136.7580029,,,137.9573065
2023-6-1,119.1133191,151.8767649,115.5047532,20.23305197,0,-2.651455054,22.88450703,0,0,0,0,0,0,0,135.7378052,,,138.3892602
2023-6-2,124.395232,155.7887281,115.5105874,25.5359481,0,2.193840177,23.34210792,0,0,0,0,0,0,0,141.0465355,,,138.8526953
2023-6-3,123.4191681,156.722088,115.5164215,25.01272056,0,1.187226357,23.8254942,0,0,0,0,0,0,0,140.529142,,,139.3419157
2023-6-4,128.9092725,162.796717,115.5222556,30.00306476,0,5.676758283,24.32630648,0,0,0,0,0,0,0,145.5253204,,,139.8485621
2023-6-5,119.0454515,152.1127577,115.5280897,20.62095187,0,-4.212655791,24.83360766,0,0,0,0,0,0,0,136.1490416,,,140.3616974
2023-6-6,123.7922583,156.8903118,115.5339239,24.33964997,0,-0.99441043,25.3340604,0,0,0,0,0,0,0,139.8735738,,,140.8679843
2023-6-7,125.1421999,156.6334679,115.539758,24.61288876,0,-1.199303542,25.8121923,0,0,0,0,0,0,0,140.1526468,,,141.3519503
2023-6-8,123.0957015,155.4481906,115.5455921,23.59928684,0,-2.651455054,26.25074189,0,0,0,0,0,0,0,139.144879,,,141.796334
2023-6-9,128.0200533,160.0921075,115.5514263,28.82491624,0,2.193840177,26.63107606,0,0,0,0,0,0,0,144.3763425,,,142.1825024
2023-6-10,127.3160481,160.0906557,115.5572604,28.12089336,0,1.187226357,26.933667,0,0,0,0,0,0,0,143.6781537,,,142.4909274
2023-6-11,132.0831887,164.9814857,115.5630945,32.81537314,0,5.676758283,27.13861486,0,0,0,0,0,0,0,148.3784676,,,142.7017094
2023-6-12,122.0245951,154.1745685,115.5689286,23.01354476,0,-4.212655791,27.22620055,0,0,0,0,0,0,0,138.5824734,,,142.7951292
2023-6-13,124.962818,156.9178562,115.5747628,26.18304186,0,-0.99441043,27.17745229,0,0,0,0,0,0,0,141.7578046,,,142.7522151
2023-6-14,125.5160865,157.2787957,115.5805969,25.77540492,0,-1.199303542,26.97470846,0,0,0,0,0,0,0,141.3560018,,,142.5553054
2023-6-15,124.4170225,156.5645908,115.586431,23.95070449,0,-2.651455054,26.60215954,0,0,0,0,0,0,0,139.5371355,,,142.1885905
2023-6-16,127.9036479,159.9370541,115.5922651,28.24019242,0,2.193840177,26.04635225,0,0,0,0,0,0,0,143.8324576,,,141.6386174
2023-6-17,125.4575828,158.7032598,115.5980993,26.48386609,0,1.187226357,25.29663974,0,0,0,0,0,0,0,142.0819654,,,140.894739
2023-6-18,128.8046495,162.2902082,115.6039334,30.02232185,0,5.676758283,24.34556357,0,0,0,0,0,0,0,145.6262552,,,139.949497
2023-6-19,121.7329596,154.589648,115.6097675,22.28932094,3.31282219,-4.212655791,23.18915454,0,0,3.31282219,0,0,0,0,137.8990885,,,138.798922
2023-6-20,131.7919732,164.468481,115.6156016,32.1491772,11.31644541,-0.99441043,21.82714222,0,0,11.31644541,0,0,0,0,147.7647788,,,137.4427438
2023-6-21,130.754875,162.1881585,115.6214358,30.38020724,11.31644541,-1.199303542,20.26306537,0,0,11.31644541,0,0,0,0,146.001643,,,135.8845012
2023-6-22,121.6497247,154.8560992,115.6272699,22.8312501,4.326971639,0,18.50427846,0,0,11.31644541,-6.989473773,0,0,0,138.45852,,,134.1315484
2023-6-23,108.5693481,141.737782,115.633104,8.96809873,-7.593753633,0,16.56185236,0,0,11.31644541,-18.91019905,0,0,0,124.6012028,,,132.1949564
2023-6-24,106.9386308,138.9873397,115.6389381,6.856617177,-7.593753633,0,14.45037081,0,0,11.31644541,-18.91019905,0,0,0,122.4955553,,,130.0893089
2023-6-25,117.799056,150.0132697,115.6447723,17.26010526,-0.604279861,5.676758283,12.18762683,0,0,11.31644541,-11.92072527,0,0,0,132.9048775,,,127.8323991
2023-6-26,115.9101651,147.6160777,115.6506064,16.80515306,7.010926194,0,9.794226866,0,-0.992697027,8.003623221,0,0,0,0,132.4557595,,,125.4448333
2023-6-27,106.2472627,138.4740791,115.6564405,6.269775616,-1.023337135,0,7.293112751,0,-1.023337135,0,0,0,0,0,121.9262161,,,122.9495533
2023-6-28,102.6865617,137.52939,115.6622747,3.685677419,-1.023337135,0,4.709014554,0,-1.023337135,0,0,0,0,0,119.3479521,,,120.3712893
2023-6-29,99.05664084,132.5549382,115.6681088,1.044512095,-1.023337135,0,2.06784923,0,-1.023337135,0,0,0,0,0,116.7126209,,,117.735958
2023-6-30,97.99559699,131.3829749,115.6739429,-1.62725515,-1.023337135,0,-0.603918015,0,-1.023337135,0,0,0,0,0,114.0466878,,,115.0700249
2023-7-1,94.67654723,127.0403281,115.679777,-4.303268702,-1.023337135,0,-3.279931567,0,-1.023337135,0,0,0,0,0,111.3765083,,,112.3998454
2023-7-2,91.81588966,124.5236078,115.6856112,-6.957940708,-1.023337135,0,-5.934603573,0,-1.023337135,0,0,0,0,0,108.7276705,,,109.7510076
2023-7-3,89.9853602,122.3304533,115.6914453,-9.567090486,-1.023337135,0,-8.543753351,0,-1.023337135,0,0,0,0,0,106.1243548,,,107.1476919
2023-7-4,87.31019763,120.2456674,115.6972794,-12.10854642,-1.023337135,0,-11.08520929,0,-1.023337135,0,0,0,0,0,103.588733,,,104.6120701
2023-7-5,86.2487681,117.7021602,115.7031135,-14.56269251,-1.023337135,0,-13.53935537,0,-1.023337135,0,0,0,0,0,101.140421,,,102.1637581
2023-7-6,82.08938687,115.8174398,115.7089477,-16.91294309,-1.023337135,0,-15.88960595,0,-1.023337135,0,0,0,0,0,98.79600457,,,99.81934175
2023-7-7,81.07384988,112.8880986,115.7147818,-19.14613128,-1.023337135,0,-18.12279414,0,-1.023337135,0,0,0,0,0,96.56865051,,,97.59198766
2023-7-8,77.46007178,111.1798665,115.7206159,-21.25279897,-1.023337135,0,-20.22946184,0,-1.023337135,0,0,0,0,0,94.46781694,,,95.49115406
2023-7-9,76.78713033,109.0735456,115.72645,-23.22737887,-1.023337135,0,-22.20404174,0,-1.023337135,0,0,0,0,0,92.49907116,,,93.52240826
2023-7-10,74.39204782,107.1198553,115.7322842,-25.06826228,-1.023337135,0,-24.04492515,0,-1.023337135,0,0,0,0,0,90.66402187,,,91.68735905
2023-7-11,72.91880223,104.6991255,115.7381183,-26.77774942,-1.023337135,0,-25.75441228,0,-1.023337135,0,0,0,0,0,88.96036886,,,89.98370602
2023-7-12,70.99384147,102.3856066,115.7439524,-28.36188241,-1.023337135,0,-27.33854528,0,-1.023337135,0,0,0,0,0,87.38206999,,,88.40540712
2023-7-13,70.43653248,102.1436708,115.7497865,-29.83016469,-1.023337135,0,-28.80682756,0,-1.023337135,0,0,0,0,0,85.91962184,,,86.94295894
2023-7-14,69.36626562,102.0785366,115.7556207,-31.19517352,-1.023337135,0,-30.17183638,0,-1.023337135,0,0,0,0,0,84.56044713,,,85.58378432
2023-7-15,66.71477584,99.21664843,115.7614548,-32.47207579,-1.023337135,0,-31.44873865,0,-1.023337135,0,0,0,0,0,83.28937899,,,84.31271615
2023-7-16,66.55222441,98.63443353,115.7672889,-33.67806,-1.023337135,0,-32.65472287,0,-1.023337135,0,0,0,0,0,82.08922889,,,83.11256603
2023-7-17,65.58513387,99.42838326,115.773123,-34.8316999,-1.023337135,0,-33.80836276,0,-1.023337135,0,0,0,0,0,80.94142312,,,81.96476024
2023-7-18,63.23609569,95.29804918,115.7789571,-35.95226728,-1.023337135,0,-34.92893014,0,-1.023337135,0,0,0,0,0,79.82668987,,,80.85002696
2023-7-19,63.48031005,94.67798273,115.7847913,-37.05901335,-1.023337135,0,-36.03567622,0,-1.023337135,0,0,0,0,0,78.72577792,,,79.74911508
2023-7-20,62.00854047,94.84849438,115.7906254,-38.17043892,-1.023337135,0,-37.14710179,0,-1.023337135,0,0,0,0,0,77.62018647,,,78.64352361
2023-7-21,60.1230652,92.80769063,115.7964595,-39.30357428,-1.023337135,0,-38.28023715,0,-1.023337135,0,0,0,0,0,76.49288523,,,77.51622235
2023-7-29,50.52040258,82.50101849,115.8431325,-50.22368484,-1.023337135,0,-49.2003477,0,-1.023337135,0,0,0,0,0,65.61944766,,,66.6427848
2023-7-30,48.74334988,80.75863486,115.8489666,-51.79097226,-1.023337135,0,-50.76763513,0,-1.023337135,0,0,0,0,0,64.05799436,,,65.08133147
2023-7-31,45.11186475,78.03186811,115.8548007,-53.35604215,-1.023337135,0,-52.33270501,0,-1.023337135,0,0,0,0,0,62.4987586,,,63.52209569
2023-8-1,43.68843248,78.11189482,115.8606349,-54.89310104,-1.023337135,0,-53.86976391,0,-1.023337135,0,0,0,0,0,60.96753383,,,61.99087099
2023-8-2,43.76477966,74.84933262,115.866469,-56.37297864,-1.023337135,0,-55.34964151,0,-1.023337135,0,0,0,0,0,59.49349035,,,60.51682749
2023-8-3,41.05192242,74.34640652,115.8723031,-57.76373794,-1.023337135,0,-56.7404008,0,-1.023337135,0,0,0,0,0,58.10856518,,,59.1319023
2023-8-12,39.1372232,71.55240269,115.9248102,-60.63363414,-1.023337135,0,-59.610297,0,-1.023337135,0,0,0,0,0,55.29117609,,,56.3145132
2023-8-13,40.05061495,70.38423932,115.9306443,-59.33470183,-1.023337135,0,-58.3113647,0,-1.023337135,0,0,0,0,0,56.59594251,,,57.6192796
2023-8-14,41.19700641,74.04664362,115.9364785,-57.64218958,-1.023337135,0,-56.61885245,0,-1.023337135,0,0,0,0,0,58.29428888,,,59.31762605
2023-8-15,44.98038318,77.22860449,115.9423126,-55.55286024,-1.023337135,0,-54.52952311,0,-1.023337135,0,0,0,0,0,60.38945234,,,61.41278949
2023-8-16,46.97611314,79.5669549,115.9481467,-53.06987992,-1.023337135,0,-52.04654279,0,-1.023337135,0,0,0,0,0,62.87826678,,,63.90160391
2023-8-17,49.0339462,81.55482001,115.9539808,-50.20294654,-1.023337135,0,-49.1796094,0,-1.023337135,0,0,0,0,0,65.75103428,,,66.7743714
2023-8-18,51.87278353,84.93244586,115.9598149,-46.96827367,-1.023337135,0,-45.94493653,0,-1.023337135,0,0,0,0,0,68.99154127,,,70.01487837
2023-8-19,56.66613976,88.63136896,115.9656491,-43.3884292,-1.023337135,0,-42.36509206,0,-1.023337135,0,0,0,0,0,72.57721985,,,73.60055704
2023-8-20,60.2883964,93.3233905,115.9714832,-39.49203212,-1.023337135,0,-38.46869498,0,-1.023337135,0,0,0,0,0,76.47945105,,,77.50278822
2023-8-21,64.57193175,96.26280908,115.9773173,-35.31331409,-1.023337135,0,-34.28997695,0,-1.023337135,0,0,0,0,0,80.6640032,,,81.68734035
2023-8-22,69.1693028,101.9558848,115.9831514,-30.89155597,-1.023337135,0,-29.86821883,0,-1.023337135,0,0,0,0,0,85.09159544,,,86.11493257
2023-8-23,73.56746876,106.5216359,115.9889855,-26.2704123,-1.023337135,0,-25.24707516,0,-1.023337135,0,0,0,0,0,89.71857322,,,90.74191034
2023-8-24,78.0312559,111.308202,115.9948196,-21.49713966,-1.023337135,0,-20.47380252,0,-1.023337135,0,0,0,0,0,94.49767998,,,95.52101708
2023-8-25,83.03349898,116.1880381,116.0006538,-16.62174688,-1.023337135,0,-15.59840974,0,-1.023337135,0,0,0,0,0,99.37890688,,,100.4022441
2023-8-26,90.18684383,122.5950965,116.0064879,-9.516163673,-0.030640108,1.187226357,-10.67274992,0,-0.030640108,0,0,0,0,0,106.4903242,,,105.333738
2023-8-27,100.0545406,131.0304735,116.012322,-0.07281703,0,5.676758283,-5.749575313,0,0,0,0,0,0,0,115.939505,,,110.2627467
2023-8-28,94.75541747,126.8410101,116.0181561,-5.094232738,0,-4.212655791,-0.881576947,0,0,0,0,0,0,0,110.9239234,,,115.1365792
2023-8-29,101.1140291,135.4256906,116.0239902,2.885158564,0,-0.99441043,3.879568994,0,0,0,0,0,0,0,118.9091488,,,119.9035592
2023-8-30,108.4896786,140.0651565,116.0298244,7.284822964,0,-1.199303542,8.484126506,0,0,0,0,0,0,0,123.3146473,,,124.5139509
2023-8-31,110.0809233,142.3869355,116.0356585,10.23372109,0,-2.651455054,12.88517614,0,0,0,0,0,0,0,126.2693796,,,128.9208346
2023-9-1,119.4095287,152.5863118,116.0414926,19.23326346,0,2.193840177,17.03942329,0,0,0,0,0,0,0,135.2747561,,,133.0809159
2023-9-2,121.5359845,153.1073274,116.0473267,22.09514744,0,1.187226357,20.90792108,0,0,0,0,0,0,0,138.1424742,,,136.9552478
2023-9-3,131.2400142,162.5466366,116.0531608,30.13345141,0,5.676758283,24.45669313,0,0,0,0,0,0,0,146.1866122,,,140.5098539
2023-9-4,123.1263018,154.1601983,116.058995,23.44458793,0,-4.212655791,27.65724372,0,0,0,0,0,0,0,139.5035829,,,143.7162387
2023-9-5,128.8598679,160.9347365,116.0648291,29.49253594,0,-0.99441043,30.48694637,0,0,0,0,0,0,0,145.557365,,,146.5517755
2023-9-6,131.8224609,164.6516857,116.0706632,31.73000086,0,-1.199303542,32.92930441,0,0,0,0,0,0,0,147.8006641,,,148.9999676
2023-9-7,132.497794,165.1478639,116.0764973,32.32262575,0,-2.651455054,34.9740808,0,0,0,0,0,0,0,148.3991231,,,151.0505781
2023-9-8,138.3326625,170.8583146,116.0823314,38.81113761,0,2.193840177,36.61729743,0,0,0,0,0,0,0,154.893469,,,152.6996288
2023-9-9,139.1222571,171.3599568,116.0881656,39.04833358,0,1.187226357,37.86110722,0,0,0,0,0,0,0,155.1364991,,,153.9492728
2023-9-10,143.553047,175.7221671,116.0939997,44.39030399,0,5.676758283,38.71354571,0,0,0,0,0,0,0,160.4843037,,,154.8075454
2023-9-11,135.6685991,168.2050555,116.0998338,34.97551518,0,-4.212655791,39.18817097,0,0,0,0,0,0,0,151.075349,,,155.2880048
2023-9-12,137.1146725,170.1854353,116.1056679,38.3091934,0,-0.99441043,39.30360383,0,0,0,0,0,0,0,154.4148613,,,155.4092717
2023-9-13,137.4955438,170.3697659,116.111502,37.88367829,0,-1.199303542,39.08298183,0,0,0,0,0,0,0,153.9951803,,,155.1944838
2023-9-14,135.0847186,168.7653431,116.1173361,35.90188741,0,-2.651455054,38.55334246,0,0,0,0,0,0,0,152.0192236,,,154.6706786
2023-9-15,140.3085507,172.4423239,116.1231703,39.93879244,0,2.193840177,37.74495226,0,0,0,0,0,0,0,156.0619627,,,153.8681226
2023-9-16,137.6285376,171.0292411,116.1290044,37.8778255,0,1.187226357,36.69059914,0,0,0,0,0,0,0,154.0068299,,,152.8196035
2023-9-17,140.6450383,172.9724978,116.1348385,41.10162395,0,5.676758283,35.42486567,0,0,0,0,0,0,0,157.2364625,,,151.5597042
2023-9-18,129.7893258,163.2188463,116.1406726,29.77074488,0,-4.212655791,33.98340068,0,0,0,0,0,0,0,145.9114175,,,150.1240733
2023-9-19,131.0901079,164.1429953,116.1465067,31.40779578,0,-0.99441043,32.40220621,0,0,0,0,0,0,0,147.5543025,,,148.5487129
2023-9-20,128.5255204,162.2306059,116.1523409,29.51765197,0,-1.199303542,30.71695551,0,0,0,0,0,0,0,145.6699928,,,146.8692964
2023-9-21,126.181547,158.7309826,116.158175,26.31090129,0,-2.651455054,28.96235635,0,0,0,0,0,0,0,142.4690763,,,145.1205314
2023-9-22,130.2902361,162.8898551,116.1640091,29.36541262,0,2.193840177,27.17157245,0,0,0,0,0,0,0,145.5294217,,,143.3355816
2023-9-23,125.1789833,158.5481301,116.1698432,26.56293977,0,1.187226357,25.37571341,0,0,0,0,0,0,0,142.732783,,,141.5455566
2023-9-24,128.2844946,162.0439399,116.1756773,29.28015982,0,5.676758283,23.60340153,0,0,0,0,0,0,0,145.4558372,,,139.7790788
2023-9-25,116.4572786,150.20547,116.1815115,17.66776556,0,-4.212655791,21.88042135,0,0,0,0,0,0,0,133.849277,,,138.0619329
2023-9-26,119.3551992,151.4483706,116.1873456,19.2350451,0,-0.99441043,20.22945553,0,0,0,0,0,0,0,135.4223907,,,136.4168011
2023-9-27,116.1025719,149.242434,116.1931797,17.47060453,0,-1.199303542,18.66990808,0,0,0,0,0,0,0,133.6637842,,,134.8630878
2023-9-28,114.606858,148.2955519,116.1990138,14.56635845,0,-2.651455054,17.2178135,0,0,0,0,0,0,0,130.7653723,,,133.4168273
2023-9-29,109.2871771,141.5882529,116.2048479,8.896354786,-6.989473773,0,15.88582856,0,0,0,-6.989473773,0,0,0,125.1012027,,,132.0906765
2023-9-30,95.65766454,128.534117,116.2106821,-4.226898172,-18.91019905,0,14.68330087,0,0,0,-18.91019905,0,0,0,111.9837839,,,130.893983
2023-10-1,94.0011117,127.6179933,116.2165162,-5.293791795,-18.91019905,0,13.61640725,0,0,0,-18.91019905,0,0,0,110.9227244,,,129.8329235
2023-10-2,93.11345897,125.7794376,116.2223503,-6.221846217,-18.91019905,0,12.68835283,0,0,0,-18.91019905,0,0,0,110.0005041,,,128.9107031
2023-10-3,92.69753002,125.9567762,116.2281844,-7.010577879,-18.91019905,0,11.89962117,0,0,0,-18.91019905,0,0,0,109.2176065,,,128.1278056
2023-10-4,92.78169008,124.8684069,116.2340185,-7.66193449,-18.91019905,0,11.24826456,0,0,0,-18.91019905,0,0,0,108.572084,,,127.4822831
2023-10-5,91.13051255,124.1002264,116.2398527,-8.179975693,-18.91019905,0,10.73022335,0,0,0,-18.91019905,0,0,0,108.059877,,,126.9700761
2023-10-6,91.29278347,124.6651236,116.2456868,-8.570535932,-18.91019905,0,10.33966311,0,0,0,-18.91019905,0,0,0,107.6751508,,,126.5853499
2023-10-8,116.3076535,147.5321384,116.257355,15.58759192,0,5.676758283,9.910833633,0,0,0,0,0,0,0,131.8449469,,,126.1681886
2023-10-9,106.275014,138.1180449,116.2631891,5.6424333,0,-4.212655791,9.855089091,0,0,0,0,0,0,0,121.9056224,,,126.1182782
2023-10-10,109.2649051,140.7321522,116.2690233,8.898097121,0,-0.99441043,9.892507551,0,0,0,0,0,0,0,125.1671204,,,126.1615309
2023-10-12,107.4986974,138.9106352,116.2806915,7.556405981,0,-2.651455054,10.20786104,0,0,0,0,0,0,0,123.8370975,,,126.4885525
2023-10-13,111.9782033,145.5355346,116.2865256,12.66050765,0,2.193840177,10.46666747,0,0,0,0,0,0,0,128.9470332,,,126.7531931
2023-10-14,112.5426992,144.9343488,116.2923597,11.96797362,0,1.187226357,10.78074726,0,0,0,0,0,0,0,128.2603333,,,127.073107
2023-10-15,116.9629561,149.2764673,116.2981938,16.81840686,0,5.676758283,11.14164857,0,0,0,0,0,0,0,133.1166007,,,127.4398424
2023-10-16,108.02904,140.6241696,116.304028,7.328895467,0,-4.212655791,11.54155126,0,0,0,0,0,0,0,123.6329234,,,127.8455793
2023-10-17,111.5341326,144.345915,116.3098621,10.97889875,0,-0.99441043,11.97330918,0,0,0,0,0,0,0,127.2887608,,,128.2831713
2023-10-19,110.3953308,143.6727682,116.3215303,10.25573269,0,-2.651455054,12.90718774,0,0,0,0,0,0,0,126.577263,,,129.228718
2023-10-20,115.6284356,149.5517175,116.3273644,15.59214147,0,2.193840177,13.39830129,0,0,0,0,0,0,0,131.9195059,,,129.7256657
2023-10-21,114.1704449,147.7979376,116.3331985,15.08636471,0,1.187226357,13.89913835,0,0,0,0,0,0,0,131.4195632,,,130.2323369
2023-10-22,120.4792669,152.4522341,116.3390327,20.0822559,0,5.676758283,14.40549761,0,0,0,0,0,0,0,136.4212886,,,130.7445303
2023-10-23,111.2454535,143.0175637,116.3448668,10.70089186,0,-4.212655791,14.91354765,0,0,0,0,0,0,0,127.0457586,,,131.2584145
2023-10-24,114.7785249,147.2455453,116.3507009,14.42532752,0,-0.99441043,15.41973795,0,0,0,0,0,0,0,130.7760284,,,131.7704389
2023-10-25,115.4205981,147.2548442,116.356535,14.72141164,0,-1.199303542,15.92071519,0,0,0,0,0,0,0,131.0779466,,,132.2772502
2023-10-26,113.675021,146.4069865,116.3623691,13.76179472,0,-2.651455054,16.41324978,0,0,0,0,0,0,0,130.1241638,,,132.7756189
2023-10-27,118.7752595,149.4198123,116.3682032,19.0880173,0,2.193840177,16.89417713,0,0,0,0,0,0,0,135.4562205,,,133.2623803
2023-10-28,117.4146268,150.8136872,116.3740374,18.54758315,0,1.187226357,17.3603568,0,0,0,0,0,0,0,134.9216205,,,133.7343942
2023-10-29,123.3803141,156.6135053,116.3798715,23.48541023,0,5.676758283,17.80865195,0,0,0,0,0,0,0,139.8652817,,,134.1885235
2023-10-30,113.5451,145.4997201,116.3857056,14.02327431,0,-4.212655791,18.2359301,0,0,0,0,0,0,0,130.4089799,,,134.6216357
2023-10-31,118.0629108,151.054378,116.3915397,17.64467476,0,-0.99441043,18.63908519,0,0,0,0,0,0,0,134.0362145,,,135.0306249
2023-11-1,118.4969667,150.3018546,116.3973738,17.81577623,0,-1.199303542,19.01507977,0,0,0,0,0,0,0,134.21315,,,135.4124536
2023-11-2,116.4943363,149.8063717,116.4032079,16.70955001,0,-2.651455054,19.36100507,0,0,0,0,0,0,0,133.112758,,,135.764213
2023-11-3,123.7149254,153.6725557,116.4090421,21.86799589,0,2.193840177,19.67415571,0,0,0,0,0,0,0,138.2770379,,,136.0831978
2023-11-4,120.5842946,153.8077502,116.4148762,21.13934155,0,1.187226357,19.95211519,0,0,0,0,0,0,0,137.5542177,,,136.3669914
2023-11-5,126.6683487,158.9996543,116.4207103,25.86960569,0,5.676758283,20.19284741,0,0,0,0,0,0,0,142.290316,,,136.6135577
2023-11-6,116.3509535,148.2152287,116.4265444,16.18213352,0,-4.212655791,20.39478931,0,0,0,0,0,0,0,132.6086779,,,136.8213337
2023-11-7,120.8055255,152.9533425,116.4323785,19.562529,0,-0.99441043,20.55693943,0,0,0,0,0,0,0,135.9949075,,,136.9893179
2023-11-8,119.826573,152.2430755,116.4382126,19.47963355,0,-1.199303542,20.67893709,0,0,0,0,0,0,0,135.9178462,,,137.1171497
2023-11-9,118.1881907,151.7495199,116.4440468,18.10967247,0,-2.651455054,20.76112753,0,0,0,0,0,0,0,134.5537192,,,137.2051743
2023-11-10,123.0318497,155.3112597,116.4498809,22.99844844,0,2.193840177,20.80460826,0,0,0,0,0,0,0,139.4483293,,,137.2544892
2023-11-11,122.4912594,154.5730052,116.455715,21.99847954,0,1.187226357,20.81125318,0,0,0,0,0,0,0,138.4541945,,,137.2669682
2023-11-12,126.9208792,160.3107969,116.4615491,26.46046957,0,5.676758283,20.78371129,0,0,0,0,0,0,0,142.9220187,,,137.2452604
2023-11-13,116.949273,148.879996,116.4673832,16.5127225,0,-4.212655791,20.72537829,0,0,0,0,0,0,0,132.9801057,,,137.1927615
2023-11-14,119.986115,151.97226,116.4732174,19.6459297,0,-0.99441043,20.64034013,0,0,0,0,0,0,0,136.1191471,,,137.1135575
2023-11-15,120.3141575,151.876157,116.4790515,19.33398528,0,-1.199303542,20.53328882,0,0,0,0,0,0,0,135.8130368,,,137.0123403
2023-11-16,117.8427401,150.6042799,116.4848856,17.75795711,0,-2.651455054,20.40941216,0,0,0,0,0,0,0,134.2428427,,,136.8942978
2023-11-17,123.1460343,155.4338972,116.4907197,22.46810007,0,2.193840177,20.27425989,0,0,0,0,0,0,0,138.9588198,,,136.7649796
2023-11-18,121.8945436,154.2900155,116.4965538,21.32081639,0,1.187226357,20.13359004,0,0,0,0,0,0,0,137.8173702,,,136.6301438
2023-11-19,125.1467891,157.7026821,116.5023879,25.66995854,0,5.676758283,19.99320025,0,0,0,0,0,0,0,142.1723465,,,136.4955882
2023-11-20,115.6453123,148.088869,116.5082221,15.64609371,0,-4.212655791,19.8587495,0,0,0,0,0,0,0,132.1543158,,,136.3669716
2023-11-21,119.5183896,151.6609109,116.5140562,18.74116588,0,-0.99441043,19.73557631,0,0,0,0,0,0,0,135.2552221,,,136.2496325
2023-11-22,119.469948,151.7320635,116.5198903,18.4292165,0,-1.199303542,19.62852004,0,0,0,0,0,0,0,134.9491068,,,136.1484103
2023-11-23,116.1239757,149.5416292,116.5257244,16.89029692,0,-2.651455054,19.54175197,0,0,0,0,0,0,0,133.4160213,,,136.0674764
2023-11-24,120.9241182,153.7766373,116.5315585,21.67246279,0,2.193840177,19.47862261,0,0,0,0,0,0,0,138.2040213,,,136.0101811
2023-11-25,121.2004147,153.9046595,116.5373926,20.628758,0,1.187226357,19.44153165,0,0,0,0,0,0,0,137.1661507,,,135.9789243
2023-11-26,124.2995002,157.8250388,116.5432268,25.10858441,0,5.676758283,19.43182613,0,0,0,0,0,0,0,141.6518112,,,135.9750529
2023-11-27,114.7874429,148.3684474,116.5490609,15.23707595,0,-4.212655791,19.44973174,0,0,0,0,0,0,0,131.7861368,,,135.9987926
2023-11-28,118.032994,152.8724346,116.554895,18.49991048,0,-0.99441043,19.49432091,0,0,0,0,0,0,0,135.0548055,,,136.0492159
2023-11-29,117.3982803,151.0161488,116.5607291,18.36421695,0,-1.199303542,19.56352049,0,0,0,0,0,0,0,134.9249461,,,136.1242496
2023-11-30,117.8100889,149.1569242,116.5665632,17.00270501,0,-2.651455054,19.65416006,0,0,0,0,0,0,0,133.5692682,,,136.2207233
2023-12-1,121.6994462,154.309209,116.5723973,21.95590096,0,2.193840177,19.76206078,0,0,0,0,0,0,0,138.5282983,,,136.3344581
2023-12-2,121.2532152,153.8798083,116.5782315,21.06938941,0,1.187226357,19.88216305,0,0,0,0,0,0,0,137.6476209,,,136.4603946
2023-12-3,126.1311279,159.6096134,116.5840656,25.68544803,0,5.676758283,20.00868975,0,0,0,0,0,0,0,142.2695136,,,136.5927554
2023-12-4,116.0945468,148.4457884,116.5898997,15.92268461,0,-4.212655791,20.1353404,0,0,0,0,0,0,0,132.5125843,,,136.7252401
2023-12-5,118.8365125,152.7779798,116.5957338,19.2610999,0,-0.99441043,20.25551033,0,0,0,0,0,0,0,135.8568337,,,136.8512441
2023-12-6,119.9911799,153.9012855,116.6015679,19.16322417,0,-1.199303542,20.36252771,0,0,0,0,0,0,0,135.7647921,,,136.9640956
2023-12-7,117.5974797,151.3271434,116.607402,17.79844524,0,-2.651455054,20.4499003,0,0,0,0,0,0,0,134.4058473,,,137.0573023
2023-12-8,122.8947756,155.67234,116.6132362,22.70540329,0,2.193840177,20.51156311,0,0,0,0,0,0,0,139.3186394,,,137.1247993
2023-12-9,120.842194,154.4289023,116.6190703,21.72934424,0,1.187226357,20.54211788,0,0,0,0,0,0,0,138.3484145,,,137.1611882
2023-12-10,126.8689945,158.6532142,116.6249044,26.21381304,0,5.676758283,20.53705476,0,0,0,0,0,0,0,142.8387174,,,137.1619592
2023-12-11,116.4641031,149.1795842,116.6307385,16.28029144,0,-4.212655791,20.49294723,0,0,0,0,0,0,0,132.9110299,,,137.1236857
2023-12-12,119.4651318,151.4640883,116.6365726,19.4132011,0,-0.99441043,20.40761153,0,0,0,0,0,0,0,136.0497737,,,137.0441841
2023-12-13,120.4226845,151.4170376,116.6424067,19.08091922,0,-1.199303542,20.28022276,0,0,0,0,0,0,0,135.7233259,,,136.9226295
2023-12-14,116.5068935,150.9924179,116.6482408,17.45992605,0,-2.651455054,20.11138111,0,0,0,0,0,0,0,134.1081669,,,136.7596219
2023-12-15,123.1079314,154.4338999,116.654075,22.09696295,0,2.193840177,19.90312278,0,0,0,0,0,0,0,138.7510379,,,136.5571978
2023-12-16,121.5365309,154.0871607,116.6599091,20.84609862,0,1.187226357,19.65887226,0,0,0,0,0,0,0,137.5060077,,,136.3187814
2023-12-17,123.8173626,156.0332274,116.6657432,25.06009239,0,5.676758283,19.38333411,0,0,0,0,0,0,0,141.7258356,,,136.0490773
2023-12-18,115.8493015,148.4185332,116.6715773,14.86966874,0,-4.212655791,19.08232453,0,0,0,0,0,0,0,131.541246,,,135.7539018
2023-12-19,117.738635,152.5375209,116.6774114,17.7681348,0,-0.99441043,18.76254523,0,0,0,0,0,0,0,134.4455462,,,135.4399566
2023-12-20,116.8929072,151.1421296,116.6832455,17.23200036,0,-1.199303542,18.4313039,0,0,0,0,0,0,0,133.9152459,,,135.1145494
2023-12-21,115.11252,149.7579552,116.6890796,15.44473293,0,-2.651455054,18.09618799,0,0,0,0,0,0,0,132.1338126,,,134.7852676
2023-12-22,119.6853888,153.0255918,116.6949138,19.95854026,0,2.193840177,17.76470009,0,0,0,0,0,0,0,136.653454,,,134.4596139
2023-12-23,119.7400132,151.071508,116.7007479,18.63109168,0,1.187226357,17.44386532,0,0,0,0,0,0,0,135.3318395,,,134.1446132
2023-12-24,122.8059612,156.9449814,116.706582,22.8165805,0,5.676758283,17.13982222,0,0,0,0,0,0,0,139.5231625,,,133.8464042
2023-12-25,113.0409879,145.6093707,116.7124161,12.64475442,0,-4.212655791,16.85741021,0,0,0,0,0,0,0,129.3571705,,,133.5698263
2023-12-26,116.1857273,148.8841491,116.7182502,15.60535687,0,-0.99441043,16.5997673,0,0,0,0,0,0,0,132.3236071,,,133.3180175
2023-12-27,114.9360937,147.6225868,116.7240843,15.1686487,0,-1.199303542,16.36795224,0,0,0,0,0,0,0,131.892733,,,133.0920365
2023-12-28,113.6861823,145.7319994,116.7299184,13.5091503,0,-2.651455054,16.16060535,0,0,0,0,0,0,0,130.2390687,,,132.8905238
2023-12-29,118.229203,151.9504211,116.7357525,18.16750205,0,2.193840177,15.97366187,0,0,0,0,0,0,0,134.9032546,,,132.7094144
2023-12-30,117.8380572,150.0668895,116.7415866,16.98735698,0,1.187226357,15.80013063,0,0,0,0,0,0,0,133.7289436,,,132.5417172
2023-12-31,122.1048398,154.8757798,116.7474208,21.30670815,0,5.676758283,15.62994987,0,0,0,0,0,0,0,138.0541289,,,132.3773707
2024-1-1,109.6446776,141.703899,116.7532549,8.460456287,-6.989473773,0,15.44993006,0,0,0,-6.989473773,0,0,0,125.2137112,,,132.203185
2024-1-2,102.9998262,136.1276796,116.759089,2.328655813,-11.92072527,-0.99441043,15.24379152,0,0,0,-11.92072527,0,0,0,119.0877448,,,132.0028805
2024-1-3,113.7998481,146.9249548,116.7649231,13.79299884,0,-1.199303542,14.99230238,0,0,0,0,0,0,0,130.5579219,,,131.7572255
2024-1-4,112.8023633,145.2085339,116.7707572,12.02206459,0,-2.651455054,14.67351964,0,0,0,0,0,0,0,128.7928218,,,131.4442768
2024-1-5,117.650049,150.3479678,116.7765913,16.45697322,0,2.193840177,14.26313305,0,0,0,0,0,0,0,133.2335645,,,131.0397244
2024-1-6,115.7755379,147.8217154,116.7824254,14.92213521,0,1.187226357,13.73490886,0,0,0,0,0,0,0,131.7045606,,,130.5173343
2024-1-7,119.5756434,151.1271043,116.7882595,18.73798546,0,5.676758283,13.06122718,0,0,0,0,0,0,0,135.526245,,,129.8494867
2024-1-8,108.3079807,140.7541043,116.7940936,8.001048001,0,-4.212655791,12.21370379,0,0,0,0,0,0,0,124.7951416,,,129.0077974
2024-1-9,110.3912382,143.5100627,116.7999277,10.16947386,0,-0.99441043,11.16388429,0,0,0,0,0,0,0,126.9694016,,,127.963812
2024-1-10,108.6826936,142.8660432,116.8057618,8.684692513,0,-1.199303542,9.883996055,0,0,0,0,0,0,0,125.4904544,,,126.6897579
2024-1-11,105.9080937,138.8510401,116.811596,5.696285814,0,-2.651455054,8.347740868,0,0,0,0,0,0,0,122.5078818,,,125.1593369
2024-1-12,108.625,141.9608617,116.8174301,8.724949511,0,2.193840177,6.531109334,0,0,0,0,0,0,0,125.5423796,,,123.3485394
2024-1-13,105.7177463,138.994261,116.8232642,5.600422951,0,1.187226357,4.413196594,0,0,0,0,0,0,0,122.4236871,,,121.2364608
2024-1-14,107.6943823,141.5557321,116.8290983,7.653756181,0,5.676758283,1.976997898,0,0,0,0,0,0,0,124.4828545,,,118.8060962
2024-1-15,98.33250038,130.3098616,116.8349324,-1.68967145,3.31282219,-4.212655791,-0.789837849,0,0,3.31282219,0,0,0,0,115.1452609,,,116.0450946
2024-1-16,106.6951957,138.3104302,116.8407665,6.427716663,11.31644541,-0.99441043,-3.894318318,0,0,11.31644541,0,0,0,0,123.2684832,,,112.9464482
2024-1-17,103.6529522,136.5559495,116.8466006,2.779639097,11.31644541,-1.199303542,-7.337502772,0,0,11.31644541,0,0,0,0,119.6262397,,,109.5090978
2024-1-18,96.84187621,130.9844428,116.8524347,-2.449011193,11.31644541,-2.651455054,-11.11400155,0,0,11.31644541,0,0,0,0,114.4034235,,,105.7384332
2024-1-19,99.15684204,132.1487829,116.8582688,-1.701312206,11.31644541,2.193840177,-15.2115978,0,0,11.31644541,0,0,0,0,115.1569566,,,101.646671
2024-1-20,94.62875362,127.5875907,116.8641029,-7.107334982,11.31644541,1.187226357,-19.61100675,0,0,11.31644541,0,0,0,0,109.7567679,,,97.25309615
2024-1-21,93.91601007,126.5790099,116.869937,-7.292581341,11.31644541,5.676758283,-24.28578504,0,0,11.31644541,0,0,0,0,109.5773557,,,92.58415196
2024-1-22,55.10320931,88.06732755,116.8757711,-45.34668417,-16.14428524,0,-29.20239893,-24.14790846,0,8.003623221,0,0,0,0,71.52908697,,,87.67337217
2024-1-23,55.91108002,88.96710741,116.8816053,-44.85091875,-10.53046171,0,-34.32045703,-10.53046171,0,0,0,0,0,0,72.03068651,,,82.56114827
2024-1-24,49.87592477,82.98779871,116.8874394,-50.12357036,-10.53046171,0,-39.59310865,-10.53046171,0,0,0,0,0,0,66.763869,,,77.29433075
2024-1-25,44.69239441,77.77756365,116.8932735,-55.49806696,-10.53046171,0,-44.96760524,-10.53046171,0,0,0,0,0,0,61.39520651,,,71.92566826
2024-1-26,39.81662087,70.79957503,116.8991076,-60.91647974,-10.53046171,0,-50.38601803,-10.53046171,0,0,0,0,0,0,55.98262784,,,66.51308957
2024-1-27,34.7603726,66.82555113,116.9049417,-66.31656248,-10.53046171,0,-55.78610077,-10.53046171,0,0,0,0,0,0,50.58837921,,,61.11884093
2024-1-28,29.45905027,62.08288868,116.9107758,-71.6327446,-10.53046171,0,-61.10228289,-10.53046171,0,0,0,0,0,0,45.2780312,,,55.80849291
2024-1-29,24.50914912,55.88084928,116.9166099,-76.79723603,-10.53046171,0,-66.26677431,-10.53046171,0,0,0,0,0,0,40.11937388,,,50.64983559
2024-1-30,19.32821457,50.14649157,116.922444,-81.74122198,-10.53046171,0,-71.21076027,-10.53046171,0,0,0,0,0,0,35.18122203,,,45.71168373
2024-1-31,13.3294976,45.74128398,116.9282781,-86.39612311,-10.53046171,0,-75.8656614,-10.53046171,0,0,0,0,0,0,30.53215501,,,41.0626167
2024-2-1,10.27219778,42.76863008,116.9341122,-90.69489407,-10.53046171,0,-80.16443236,-10.53046171,0,0,0,0,0,0,26.23921816,,,36.76967984
2024-2-2,5.717508095,38.28059865,116.9399463,-94.57333213,-10.53046171,0,-84.04287042,-10.53046171,0,0,0,0,0,0,22.36661421,,,32.89707588
2024-2-3,3.503554936,35.30186254,116.9457805,-97.97136635,-10.53046171,0,-87.44090464,-10.53046171,0,0,0,0,0,0,18.9744141,,,29.50487586
2024-2-4,0.851493429,32.05964339,116.9516146,-100.8342978,-10.53046171,0,-90.30383605,-10.53046171,0,0,0,0,0,0,16.1173168,,,26.64777855
2024-2-5,-2.471985148,30.13038526,116.9574487,-103.1139614,-10.53046171,0,-92.58349966,-10.53046171,0,0,0,0,0,0,13.8434873,,,24.37394904
2024-2-6,-3.808250144,27.78188613,116.9632828,-104.7697822,-10.53046171,0,-94.23932046,-10.53046171,0,0,0,0,0,0,12.1935006,,,22.72396234
2024-2-7,-4.526073712,27.52170315,116.9691169,-105.7696993,-10.53046171,0,-95.2392376,-10.53046171,0,0,0,0,0,0,11.19941757,,,21.7298793
2024-2-8,-5.501179221,26.73187005,116.974951,-106.090935,-10.53046171,0,-95.56047329,-10.53046171,0,0,0,0,0,0,10.88401599,,,21.41447771
2024-2-9,-4.548777481,27.06750626,116.9807851,-105.7205884,-10.53046171,0,-95.19012665,-10.53046171,0,0,0,0,0,0,11.26019673,,,21.79065845
2024-2-10,-4.433052833,28.44122652,116.9866192,-104.6560379,-10.53046171,0,-94.12557622,-10.53046171,0,0,0,0,0,0,12.33058128,,,22.86104298
2024-2-11,-1.84646178,31.40494862,116.9924533,-102.9051408,-10.53046171,0,-92.37467907,-10.53046171,0,0,0,0,0,0,14.08731253,,,24.61777423
2024-2-12,1.740485823,32.15945638,116.9982874,-100.4862212,-10.53046171,0,-89.95575946,-10.53046171,0,0,0,0,0,0,16.51206626,,,27.04252794
2024-2-13,3.845016338,35.48607302,117.0041215,-97.42784594,-10.53046171,0,-86.89738423,-10.53046171,0,0,0,0,0,0,19.5762756,,,30.10673727
2024-2-14,6.209319574,38.59303312,117.0099556,-93.7683894,-10.53046171,0,-83.23792768,-10.53046171,0,0,0,0,0,0,23.24156624,,,33.77202792
2024-2-15,10.60527762,44.80439887,117.0157897,-89.55539495,-10.53046171,0,-79.02493324,-10.53046171,0,0,0,0,0,0,27.46039479,,,37.99085646
2024-2-16,15.77210151,48.49201007,117.0216239,-84.84474582,-10.53046171,0,-74.31428411,-10.53046171,0,0,0,0,0,0,32.17687804,,,42.70733979
2024-2-17,19.59951967,52.77285011,117.027458,-79.69966161,-10.53046171,0,-69.1691999,-10.53046171,0,0,0,0,0,0,37.32779635,,,47.8582581
2024-2-18,26.26481555,60.32828158,117.0332921,-74.18954185,-10.53046171,0,-63.65908014,-10.53046171,0,0,0,0,0,0,42.84375022,,,53.37421196
2024-2-19,32.35582117,64.79019128,117.0391262,-68.38868116,-10.53046171,0,-57.85821945,-10.53046171,0,0,0,0,0,0,48.65044502,,,59.18090675
2024-2-20,37.70213735,69.82097355,117.0449603,-62.37488388,-10.53046171,0,-51.84442217,-10.53046171,0,0,0,0,0,0,54.67007641,,,65.20053813
2024-2-21,43.6214215,76.87049407,117.0507944,-56.22800865,-10.53046171,0,-45.69754694,-10.53046171,0,0,0,0,0,0,60.82278574,,,71.35324746
2024-2-22,51.43526425,83.32306458,117.0566285,-50.02847486,-10.53046171,0,-39.49801315,-10.53046171,0,0,0,0,0,0,67.02815365,,,77.55861535
2024-2-23,56.08708455,88.9698228,117.0624626,-43.85576408,-10.53046171,0,-33.32530236,-10.53046171,0,0,0,0,0,0,73.20669854,,,83.73716024
2024-2-24,62.85037566,94.83732632,117.0682967,-37.78694971,-10.53046171,0,-27.256488,-10.53046171,0,0,0,0,0,0,79.28134701,,,89.8118087
2024-2-25,68.52375904,101.0480225,117.0741308,-31.89528741,-10.53046171,0,-21.36482569,-10.53046171,0,0,0,0,0,0,85.17884342,,,95.70930511
2024-2-26,94.50461693,127.5707448,117.0799649,-6.313644608,13.61744675,-4.212655791,-15.71843557,13.61744675,0,0,0,0,0,0,110.7663203,,,101.3615293
2024-2-27,89.58182788,121.6618127,117.085799,-11.37351567,0,-0.99441043,-10.37910524,0,0,0,0,0,0,0,105.7122834,,,106.7066938
2024-2-28,95.11137605,126.7109031,117.0916332,-6.600543195,0,-1.199303542,-5.401239653,0,0,0,0,0,0,0,110.49109,,,111.6903935
2024-2-29,96.87805616,130.5095456,117.0974673,-3.482435082,0,-2.651455054,-0.830980028,0,0,0,0,0,0,0,113.6150322,,,116.2664873
2024-3-1,106.9584134,138.7051136,117.1033014,5.488329714,0,2.193840177,3.294489536,0,0,0,0,0,0,0,122.5916311,,,120.3977909
2024-3-2,108.5275518,140.4847516,117.1091355,8.134660497,0,1.187226357,6.947434141,0,0,0,0,0,0,0,125.243796,,,124.0565696
2024-3-3,117.2239767,148.9668907,117.1149696,15.78660809,0,5.676758283,10.10984981,0,0,0,0,0,0,0,132.9015777,,,127.2248194
2024-3-4,108.5339331,140.1538128,117.1208037,8.56087519,0,-4.212655791,12.77353098,0,0,0,0,0,0,0,125.6816789,,,129.8943347
2024-3-5,115.068516,148.1929482,117.1266378,13.94551456,0,-0.99441043,14.93992499,0,0,0,0,0,0,0,131.0721524,,,132.0665628
2024-3-6,117.8508066,148.5947751,117.1324719,15.42047634,0,-1.199303542,16.61977988,0,0,0,0,0,0,0,132.5529483,,,133.7522518
2024-3-7,115.799872,149.2193508,117.138306,15.1811416,0,-2.651455054,17.83259665,0,0,0,0,0,0,0,132.3194476,,,134.9709027
2024-3-8,122.5056238,154.6852474,117.1441402,20.79974204,0,2.193840177,18.60590186,0,0,0,0,0,0,0,137.9438822,,,135.7500421
2024-3-9,121.096608,153.9128578,117.1499743,20.1615867,0,1.187226357,18.97436035,0,0,0,0,0,0,0,137.311561,,,136.1243347
2024-3-10,126.4373541,157.7479583,117.1558084,24.65550995,0,5.676758283,18.97875166,0,0,0,0,0,0,0,141.8113183,,,136.1345601
2024-3-11,116.0827852,148.223362,117.1616425,14.45218103,0,-4.212655791,18.66483682,0,0,0,0,0,0,0,131.6138235,,,135.8264793
2024-3-12,118.0038239,150.580226,117.1674766,17.08773362,0,-0.99441043,18.08214405,0,0,0,0,0,0,0,134.2552102,,,135.2496207
2024-3-13,117.7134244,148.8061846,117.1733107,16.0834006,0,-1.199303542,17.28270414,0,0,0,0,0,0,0,133.2567113,,,134.4560148
2024-3-14,114.605245,147.7151323,117.1791448,13.66831127,0,-2.651455054,16.31976633,0,0,0,0,0,0,0,130.8474561,,,133.4989111
2024-3-15,117.9888123,150.8323695,117.1849789,17.44036628,0,2.193840177,15.2465261,0,0,0,0,0,0,0,134.6253452,,,132.431505
2024-3-16,116.3961699,149.0008588,117.190813,15.30212148,0,1.187226357,14.11489512,0,0,0,0,0,0,0,132.4929345,,,131.3057081
2024-3-17,120.7343571,151.1117609,117.1966471,18.65110041,0,5.676758283,12.97434212,0,0,0,0,0,0,0,135.8477476,,,130.1709892
2024-3-18,108.382626,142.1107239,117.2024813,7.658175401,0,-4.212655791,11.87083119,0,0,0,0,0,0,0,124.8606567,,,129.0733125
2024-3-19,111.5376568,144.7419665,117.2083154,9.85147072,0,-0.99441043,10.84588115,0,0,0,0,0,0,0,127.0597861,,,128.0541966
2024-3-20,110.4201158,142.793942,117.2141495,8.736462442,0,-1.199303542,9.935765984,0,0,0,0,0,0,0,125.9506119,,,127.1499155
2024-3-21,107.7305788,139.9857642,117.2199836,6.519417486,0,-2.651455054,9.17087254,0,0,0,0,0,0,0,123.7394011,,,126.3908561
2024-3-22,110.4421356,145.0487548,117.2258177,10.76906745,0,2.193840177,8.575227274,0,0,0,0,0,0,0,127.9948851,,,125.801045
2024-3-23,110.0124823,142.9891765,117.2316518,9.353425689,0,1.187226357,8.166199332,0,0,0,0,0,0,0,126.5850775,,,125.3978511
2024-3-24,115.6399142,146.8581454,117.2374859,13.63114087,0,5.676758283,7.954382585,0,0,0,0,0,0,0,130.8686268,,,125.1918685
2024-3-25,105.5203703,136.5753973,117.24332,3.730998762,0,-4.212655791,7.943654553,0,0,0,0,0,0,0,120.9743188,,,125.1869746
2024-3-26,107.4045859,141.6541334,117.2491541,7.136995229,0,-0.99441043,8.131405659,0,0,0,0,0,0,0,124.3861494,,,125.3805598
2024-3-27,107.7307477,141.8836623,117.2549882,7.309624428,0,-1.199303542,8.50892797,0,0,0,0,0,0,0,124.5646127,,,125.7639162
2024-3-28,107.388419,141.0304015,117.2608223,6.410493619,0,-2.651455054,9.061948673,0,0,0,0,0,0,0,123.671316,,,126.322771
2024-3-29,112.4720917,146.0527224,117.2666565,11.96513025,0,2.193840177,9.771290069,0,0,0,0,0,0,0,129.2317867,,,127.0379466
2024-3-30,111.3007597,144.3643588,117.2724906,11.80086136,0,1.187226357,10.613635,0,0,0,0,0,0,0,129.0733519,,,127.8861256
2024-3-31,117.8546356,150.4221524,117.2783247,17.23913257,0,5.676758283,11.56237429,0,0,0,0,0,0,0,134.5174572,,,128.840699
2024-4-1,109.4743151,141.0439,117.2841588,8.375855431,0,-4.212655791,12.58851122,0,0,0,0,0,0,0,125.6600142,,,129.87267
2024-4-2,114.1178944,145.5651061,117.2899929,12.66718666,0,-0.99441043,13.66159709,0,0,0,0,0,0,0,129.9571796,,,130.95159
2024-4-3,113.7609463,147.6400794,117.295827,13.55136822,0,-1.199303542,14.75067176,0,0,0,0,0,0,0,130.8471952,,,132.0464988
2024-4-4,110.0588148,141.9407081,117.3016611,8.835709769,-6.989473773,0,15.82518354,0,0,0,-6.989473773,0,0,0,126.1373709,,,133.1268446
2024-4-5,99.5082081,131.3685688,117.3074952,-2.054334904,-18.91019905,0,16.85586414,0,0,0,-18.91019905,0,0,0,115.2531603,,,134.1633593
2024-4-6,99.4902101,133.655072,117.3133293,-1.094663119,-18.91019905,0,17.81553593,0,0,0,-18.91019905,0,0,0,116.2186662,,,135.1288652
2024-4-7,113.9985498,144.7886407,117.3191634,12.43586456,-11.92072527,5.676758283,18.67983155,0,0,0,-11.92072527,0,0,0,129.755028,,,135.998995
2024-4-8,115.9395969,149.2320188,117.3249975,15.21515283,0,-4.212655791,19.42780863,0,0,0,0,0,0,0,132.5401504,,,136.7528061
2024-4-9,120.9284353,152.989902,117.3308317,19.04803524,0,-0.99441043,20.04244567,0,0,0,0,0,0,0,136.3788669,,,137.3732774
2024-4-10,119.659339,152.5544821,117.3366658,19.31170548,0,-1.199303542,20.51100902,0,0,0,0,0,0,0,136.6483712,,,137.8476748
2024-4-11,119.740674,150.5722185,117.3424999,18.17382946,0,-2.651455054,20.82528452,0,0,0,0,0,0,0,135.5163293,,,138.1677844
2024-4-12,125.2342616,156.8367894,117.348334,23.17551165,0,2.193840177,20.98167148,0,0,0,0,0,0,0,140.5238456,,,138.3300055
2024-4-13,122.2191569,155.659334,117.3541681,22.16836693,0,1.187226357,20.98114057,0,0,0,0,0,0,0,139.522535,,,138.3353087
2024-4-14,127.3844851,159.2852698,117.3600022,26.50581931,0,5.676758283,20.82906103,0,0,0,0,0,0,0,143.8658215,,,138.1890632
2024-4-15,118.1278599,149.9289815,117.3658363,16.32225029,0,-4.212655791,20.53490608,0,0,0,0,0,0,0,133.6880866,,,137.9007424
2024-4-16,119.9488455,152.8682456,117.3716704,19.1174385,0,-0.99441043,20.11184893,0,0,0,0,0,0,0,136.4891089,,,137.4835193
2024-4-17,119.2022241,153.0408068,117.3775045,18.37696068,0,-1.199303542,19.57626422,0,0,0,0,0,0,0,135.7544652,,,136.9537687
2024-4-18,117.6014011,149.7336842,117.3833386,16.2956975,0,-2.651455054,18.94715256,0,0,0,0,0,0,0,133.6790361,,,136.3304912
2024-4-19,121.6543023,154.7263669,117.3891727,20.43934719,0,2.193840177,18.24550701,0,0,0,0,0,0,0,137.8285199,,,135.6346797
2024-4-20,118.883813,152.7614726,117.3950068,18.68086861,0,1.187226357,17.49364225,0,0,0,0,0,0,0,136.0758755,,,134.8886491
2024-4-21,123.813084,156.8716775,117.400841,22.39126537,0,5.676758283,16.71450708,0,0,0,0,0,0,0,139.7921063,,,134.1153481
2024-4-22,113.9116459,145.941785,117.4066751,11.71834557,0,-4.212655791,15.93100136,0,0,0,0,0,0,0,129.1250206,,,133.3376765
2024-4-23,115.4778429,147.5506355,117.4125092,14.17090707,0,-0.99441043,15.1653175,0,0,0,0,0,0,0,131.5834162,,,132.5778267
2024-4-24,115.4780081,147.6690343,117.4183433,13.23902209,0,-1.199303542,14.43832563,0,0,0,0,0,0,0,130.6573654,,,131.8566689
2024-4-25,111.5186509,144.5188235,117.4241774,11.11756453,0,-2.651455054,13.76901959,0,0,0,0,0,0,0,128.5417419,,,131.193197
2024-4-26,117.2201602,147.6033812,117.4300115,15.36787883,0,2.193840177,13.17403865,0,0,0,0,0,0,0,132.7978903,,,130.6040502
2024-4-27,115.0396539,147.1818673,117.4358456,13.85450384,0,1.187226357,12.66727749,0,0,0,0,0,0,0,131.2903495,,,130.1031231
2024-4-28,106.1294429,138.6085268,117.4416797,5.270119734,-6.989473773,0,12.25959351,0,0,0,-6.989473773,0,0,0,122.7117995,,,129.7012732
2024-4-29,97.30134615,129.1232513,117.4475138,-4.174763238,-11.92072527,-4.212655791,11.95861783,0,0,0,-11.92072527,0,0,0,113.2727506,,,129.4061316
2024-4-30,109.6192496,144.110586,117.4533479,10.77426222,0,-0.99441043,11.76867265,0,0,0,0,0,0,0,128.2276102,,,129.2220206
2024-5-1,106.429287,138.366439,117.459182,4.701320784,-6.989473773,0,11.69079456,0,0,0,-6.989473773,0,0,0,122.1605028,,,129.1499766
2024-5-2,94.87107756,125.8305031,117.4650162,-7.187339132,-18.91019905,0,11.72285991,0,0,0,-18.91019905,0,0,0,110.277677,,,129.1878761
2024-5-3,93.87381896,125.5419044,117.4708503,-7.05039358,-18.91019905,0,11.85980546,0,0,0,-18.91019905,0,0,0,110.4204567,,,129.3306558
2024-5-4,102.4717269,136.2865718,117.4766844,1.36043557,-11.92072527,1.187226357,12.09393449,0,0,0,-11.92072527,0,0,0,118.8371199,,,129.5706189
2024-5-5,118.8608033,152.0960209,117.4825185,18.09205449,0,5.676758283,12.41529621,0,0,0,0,0,0,0,135.574573,,,129.8978147
2024-5-6,111.1929344,143.1625673,117.4883526,8.599468545,0,-4.212655791,12.81212434,0,0,0,0,0,0,0,126.0878211,,,130.3004769
2024-5-7,113.8353536,146.6270387,117.4941867,12.27690829,0,-0.99441043,13.27131872,0,0,0,0,0,0,0,129.771095,,,130.7655054
2024-5-8,113.390587,145.6232114,117.5000208,12.57964984,0,-1.199303542,13.77895338,0,0,0,0,0,0,0,130.0796706,,,131.2789742
2024-5-9,112.3828612,145.4613716,117.5058549,11.66933821,0,-2.651455054,14.32079326,0,0,0,0,0,0,0,129.1751931,,,131.8266482
2024-5-10,116.9418072,150.4136342,117.511689,17.07664267,0,2.193840177,14.88280249,0,0,0,0,0,0,0,134.5883317,,,132.3944915
2024-5-11,117.4094317,150.4403376,117.5175231,16.63885346,0,1.187226357,15.4516271,0,0,0,0,0,0,0,134.1563766,,,132.9691502
2024-5-12,122.830447,154.5145128,117.5233572,21.69179484,0,5.676758283,16.01503655,0,0,0,0,0,0,0,139.2151521,,,133.5383938
2024-5-13,114.8296695,147.1112905,117.5291913,12.34965408,0,-4.212655791,16.56230987,0,0,0,0,0,0,0,129.8788454,,,134.0915012
2024-5-14,118.8781653,151.3498429,117.5350255,16.0901437,0,-0.99441043,17.08455413,0,0,0,0,0,0,0,133.6251692,,,134.6195796
2024-5-15,117.4743617,151.9054322,117.5408596,16.37564207,0,-1.199303542,17.57494562,0,0,0,0,0,0,0,133.9165016,,,135.1158052
2024-5-16,117.2824953,148.9029526,117.5466937,15.37743134,0,-2.651455054,18.02888639,0,0,0,0,0,0,0,132.924125,,,135.5755801
2024-5-17,122.1959691,155.1234976,117.5525278,20.63791227,0,2.193840177,18.44407209,0,0,0,0,0,0,0,138.19044,,,135.9965999
2024-5-18,121.7026359,153.0143509,117.5583619,20.00769588,0,1.187226357,18.82046953,0,0,0,0,0,0,0,137.5660578,,,136.3788314
2024-5-19,125.484832,158.7063388,117.564196,24.83696423,0,5.676758283,19.16020594,0,0,0,0,0,0,0,142.4011602,,,136.7244019
2024-5-20,115.3658903,149.2163108,117.5700301,15.25471862,0,-4.212655791,19.46737441,0,0,0,0,0,0,0,132.8247487,,,137.0374045
2024-5-21,119.822656,152.0089466,117.5758642,18.75335232,0,-0.99441043,19.74776275,0,0,0,0,0,0,0,136.3292165,,,137.323627
2024-5-22,120.7662745,152.5415657,117.5816983,18.80921246,0,-1.199303542,20.008516,0,0,0,0,0,0,0,136.3909108,,,137.5902143
2024-5-23,118.8285446,151.8722603,117.5875324,17.6062892,0,-2.651455054,20.25774426,0,0,0,0,0,0,0,135.1938216,,,137.8452767
2024-5-24,124.9785778,155.8115561,117.5933665,22.69793013,0,2.193840177,20.50408996,0,0,0,0,0,0,0,140.2912967,,,138.0974565
2024-5-25,124.4796659,156.1899167,117.5992007,21.94349604,0,1.187226357,20.75626968,0,0,0,0,0,0,0,139.5426967,,,138.3554704
2024-5-26,127.5698232,160.3142146,117.6050348,26.6993648,0,5.676758283,21.02260652,0,0,0,0,0,0,0,144.3043996,,,138.6276413
2024-5-27,117.626541,152.7855033,117.6108689,17.09791365,0,-4.212655791,21.31056944,0,0,0,0,0,0,0,134.7087825,,,138.9214383
2024-5-28,121.5358709,154.1428689,117.616703,20.63192535,0,-0.99441043,21.62633578,0,0,0,0,0,0,0,138.2486283,,,139.2430388
2024-5-29,121.8544695,154.7608254,117.6225371,20.77508888,0,-1.199303542,21.97439242,0,0,0,0,0,0,0,138.397626,,,139.5969295
2024-5-30,121.1268123,154.1303584,117.6283712,19.70573483,0,-2.651455054,22.35718989,0,0,0,0,0,0,0,137.334106,,,139.9855611
2024-5-31,127.142706,158.9826172,117.6342053,24.96870224,0,2.193840177,22.77486206,0,0,0,0,0,0,0,142.6029075,,,140.4090674
2024-6-1,125.8788789,158.3373655,117.6400394,24.41224839,0,1.187226357,23.22502203,0,0,0,0,0,0,0,142.0522878,,,140.8650614
2024-6-2,130.5774529,163.1697643,117.6458735,29.37940065,0,5.676758283,23.70264236,0,0,0,0,0,0,0,147.0252742,,,141.3485159
2024-6-3,121.491704,153.4757771,117.6517076,19.98736935,0,-4.212655791,24.20002514,0,0,0,0,0,0,0,137.639077,,,141.8517327
